claimPeriod,LR
0,2.04850
1,1.49540
2,1.46460
3,1.46110
4,1.41240
5,1.37520
6,1.36320
7,1.25370
8,1.26270
9,1.26190
10,1.29410
11,1.30740
